scenario,fleet,demand,stop_probability,slowdown_probability,algorithm,runs,completed_runs,throughput_mean,throughput_sd,throughput_approx_95ci_halfwidth,p95_wait_mean,planning_seconds_mean,clearance_violations
intersection,4,bursts,0.0,0.0,fcfs,20,20,3.10000000000005,0.0,0.0,0.0,0,0
intersection,4,bursts,0.0,0.0,periodic,20,20,3.1000000000000445,0.0,0.0,58.40000000000032,0.016181604999292176,0
intersection,4,bursts,0.0,0.0,rolling,20,20,3.10000000000005,0.0,0.0,0.0,0.2747248100095021,0
intersection,4,bursts,0.15,0.1,fcfs,20,20,2.87,0.08013147091860315,0.03511916555776465,0.0,0,0
intersection,4,bursts,0.15,0.1,periodic,20,20,2.835,0.10399898784932574,0.04557956605876433,69.48810515602284,0.015854489999765065,0
intersection,4,bursts,0.15,0.1,rolling,20,20,2.8649999999999998,0.08750939799154205,0.038352684665517625,0.0,0.23325699500419433,0
intersection,4,intermittent,0.0,0.0,fcfs,20,20,3.10000000000005,0.0,0.0,6.866999999999932,0,0
intersection,4,intermittent,0.0,0.0,periodic,20,20,3.0850000000000444,0.03663475485325284,0.01605588922941908,58.40000000000032,0.01669298999986495,0
intersection,4,intermittent,0.0,0.0,rolling,20,20,3.1000000000000503,5.214876962366331e-16,2.285520598901151e-16,13.832359247548853,0.276208320006117,0
intersection,4,intermittent,0.15,0.1,fcfs,20,20,2.86,0.08207826816681235,0.03597238707090409,9.52506973554663,0,0
intersection,4,intermittent,0.15,0.1,periodic,20,20,2.8249999999999997,0.10195458225163426,0.04468356580032056,69.44440102670141,0.016416814999683994,0
intersection,4,intermittent,0.15,0.1,rolling,20,20,2.88,0.08944271909999157,0.03919999999999999,12.25687129231409,0.2443247500108555,0
intersection,4,saturated,0.0,0.0,fcfs,20,20,3.10000000000005,0.0,0.0,0.0,0,0
intersection,4,saturated,0.0,0.0,periodic,20,20,3.1000000000000445,0.0,0.0,58.40000000000032,0.01615251499970327,0
intersection,4,saturated,0.0,0.0,rolling,20,20,3.10000000000005,0.0,0.0,0.0,0.2622448849993816,0
intersection,4,saturated,0.15,0.1,fcfs,20,20,2.87,0.07326950970650466,0.03211177845883771,0.0,0,0
intersection,4,saturated,0.15,0.1,periodic,20,20,2.835,0.10399898784932574,0.04557956605876433,69.54714665512614,0.01624223000180791,0
intersection,4,saturated,0.15,0.1,rolling,20,20,2.875,0.07863975156570494,0.0344653907259839,0.0,0.2547031449910719,0
